application_id,annual_income,cibil_score,foir_ratio,employment_years,loan_amount,loan_to_value,social_category,religion,gender,age,pin_code,approval_probability,approved
APP-04728,589296.0,694.0,0.547,1.3,374776.0,0.535,General,Sikh,Male,34.0,560103,0.581,1
APP-02317,865764.0,693.0,0.202,12.3,643164.0,0.788,OBC,Hindu,Female,46.0,110002,0.6696,1
APP-03670,1070833.0,690.0,0.398,7.0,1787989.0,0.708,General,Hindu,Female,25.0,400001,0.7662,1
APP-01213,911213.0,611.0,0.504,8.3,631724.0,0.818,SC,Hindu,Female,33.0,110001,0.2248,0
APP-03033,540774.0,721.0,0.487,11.5,381403.0,0.668,SC,Hindu,Male,39.0,110002,0.5168,0
APP-03249,1546778.0,660.0,0.379,5.6,1842074.0,0.716,SC,Hindu,Female,40.0,380015,0.6503,1
APP-04245,1117469.0,692.0,0.367,3.9,1061192.0,0.56,ST,Christian,Female,35.0,600001,0.6863,1
APP-01770,3000000.0,682.0,0.311,6.8,5321527.0,0.533,ST,Hindu,Male,32.0,700091,0.8257,1
APP-02595,447494.0,709.0,0.55,15.9,200000.0,0.415,ST,Hindu,Female,21.0,500001,0.5747,1
APP-01558,1470741.0,624.0,0.252,10.1,2088347.0,0.68,OBC,Muslim,Female,37.0,110004,0.556,1
APP-00297,1159509.0,719.0,0.314,2.1,875642.0,0.577,OBC,Muslim,Female,43.0,411001,0.7736,0
APP-00200,921529.0,660.0,0.456,2.3,1655711.0,0.533,ST,Hindu,Male,38.0,302001,0.5696,1
APP-01906,559643.0,722.0,0.474,9.6,610023.0,0.592,General,Hindu,Male,23.0,110003,0.6339,1
APP-02025,513381.0,653.0,0.643,4.3,478775.0,0.88,OBC,Hindu,Female,31.0,400001,0.1781,0
APP-03615,400000.0,699.0,0.474,8.2,652472.0,0.702,OBC,Hindu,Male,36.0,110003,0.4195,1
APP-04067,662289.0,774.0,0.443,7.0,818709.0,0.711,OBC,Hindu,Female,42.0,380001,0.8383,0
APP-03104,1692695.0,620.0,0.303,21.6,2686829.0,0.891,SC,Hindu,Female,51.0,411001,0.6469,0
APP-01944,400000.0,788.0,0.538,15.6,617264.0,0.464,OBC,Hindu,Female,51.0,500081,0.837,0
APP-02727,636097.0,842.0,0.45,1.4,268263.0,0.481,OBC,Hindu,Male,42.0,400001,0.9725,1
APP-01700,1107180.0,843.0,0.559,5.8,1418417.0,0.417,ST,Muslim,Female,26.0,560001,0.7025,1
APP-00030,1240371.0,733.0,0.518,4.8,1151987.0,0.821,OBC,Hindu,Female,31.0,380015,0.8065,1
APP-02212,1631978.0,630.0,0.527,22.9,583814.0,0.412,General,Muslim,Female,38.0,110003,0.5915,1
APP-02068,983961.0,764.0,0.411,9.9,1144610.0,0.466,General,Muslim,Male,21.0,411001,0.8674,1
APP-03167,645307.0,707.0,0.276,3.1,660475.0,0.661,ST,Hindu,Female,36.0,560103,0.6358,1
APP-04249,730767.0,624.0,0.256,7.9,983458.0,0.824,OBC,Sikh,Male,29.0,411001,0.5103,1
APP-00721,953049.0,689.0,0.619,7.4,1484962.0,0.566,General,Hindu,Female,26.0,110002,0.5444,0
APP-00249,3000000.0,738.0,0.645,3.3,4268805.0,0.459,OBC,Hindu,Male,28.0,411045,0.97,1
APP-01520,400000.0,877.0,0.358,5.5,256061.0,0.635,General,Hindu,Male,22.0,400001,0.9757,1
APP-00423,742895.0,611.0,0.336,14.0,1109709.0,0.8,SC,Muslim,Male,38.0,302001,0.3555,1
APP-02073,400000.0,749.0,0.428,13.0,225316.0,0.613,ST,Muslim,Male,24.0,110002,0.5093,1
APP-00585,1429319.0,652.0,0.535,11.6,2568704.0,0.719,SC,Hindu,Male,45.0,400050,0.6222,1
APP-04878,1335358.0,744.0,0.6,11.3,1582735.0,0.697,ST,Hindu,Male,35.0,500081,0.7799,1
APP-01398,912790.0,761.0,0.307,13.9,1759541.0,0.846,General,Hindu,Female,60.0,400050,0.7767,1
APP-02896,545966.0,763.0,0.573,4.5,670790.0,0.404,General,Hindu,Male,26.0,560103,0.8529,1
APP-01865,1155973.0,685.0,0.375,5.9,1348808.0,0.663,OBC,Hindu,Female,21.0,380001,0.7835,0
APP-01653,1307541.0,676.0,0.546,21.7,1693340.0,0.429,General,Hindu,Male,44.0,302001,0.9004,1
APP-04784,1169508.0,793.0,0.455,10.8,1152386.0,0.831,OBC,Muslim,Female,36.0,600042,0.8076,1
APP-00658,1092751.0,796.0,0.389,2.0,392172.0,0.481,OBC,Muslim,Female,33.0,500001,0.8178,1
APP-02146,706712.0,749.0,0.479,2.8,944106.0,0.593,OBC,Hindu,Female,45.0,110001,0.6526,1
APP-02487,1055012.0,680.0,0.641,11.2,1597607.0,0.729,OBC,Hindu,Female,41.0,110005,0.5078,0
APP-03568,551468.0,874.0,0.434,10.4,1005716.0,0.888,OBC,Hindu,Male,45.0,500001,0.9739,1
APP-00024,925645.0,742.0,0.2,12.0,1441619.0,0.801,General,Hindu,Male,37.0,110004,0.779,1
APP-00066,1486871.0,813.0,0.611,1.7,2802094.0,0.777,General,Hindu,Male,32.0,110004,0.79,1
APP-04120,692956.0,706.0,0.417,21.7,226669.0,0.412,ST,Hindu,Female,48.0,560103,0.7147,1
APP-03154,935182.0,638.0,0.552,10.0,501194.0,0.67,SC,Hindu,Female,56.0,400050,0.4114,0
APP-01515,431209.0,719.0,0.408,5.4,776260.0,0.555,OBC,Hindu,Male,41.0,411001,0.7088,0
APP-02489,1991460.0,721.0,0.216,11.8,2407375.0,0.642,SC,Hindu,Female,21.0,560001,0.7753,1
APP-00965,982352.0,802.0,0.283,4.8,832828.0,0.571,General,Muslim,Female,33.0,110001,0.6739,0
APP-00229,652710.0,680.0,0.391,10.4,657820.0,0.667,General,Muslim,Male,33.0,110004,0.5169,1
APP-00634,400000.0,819.0,0.437,4.3,319149.0,0.6,OBC,Hindu,Male,32.0,110003,0.7513,1
APP-00808,536814.0,642.0,0.218,26.8,376098.0,0.745,General,Hindu,Female,50.0,600042,0.6666,0
APP-04654,799290.0,710.0,0.398,4.3,1369930.0,0.802,OBC,Hindu,Male,37.0,380015,0.7674,1
APP-04307,1138607.0,707.0,0.246,6.7,1643505.0,0.837,OBC,Hindu,Male,36.0,500001,0.8992,1
APP-03607,438722.0,755.0,0.343,5.6,796601.0,0.755,OBC,Hindu,Female,35.0,400050,0.7506,1
APP-00241,645048.0,779.0,0.334,6.5,234560.0,0.856,SC,Hindu,Female,31.0,700001,0.7206,1
APP-00180,1153630.0,551.0,0.31,3.2,1634920.0,0.638,OBC,Hindu,Female,21.0,500081,0.3214,0
APP-04512,918814.0,709.0,0.212,19.2,1313193.0,0.734,OBC,Hindu,Male,38.0,500001,0.9369,1
APP-01375,987925.0,827.0,0.399,28.1,725016.0,0.512,General,Hindu,Female,24.0,110001,0.7581,0
APP-01540,2134397.0,726.0,0.253,8.7,3105482.0,0.883,OBC,Hindu,Female,37.0,110005,0.7392,0
APP-02012,2431702.0,735.0,0.485,13.1,4489421.0,0.441,OBC,Hindu,Male,24.0,110001,0.8059,1
APP-03241,1745131.0,616.0,0.573,25.4,906228.0,0.687,General,Hindu,Female,44.0,600001,0.7033,1
APP-04266,787571.0,673.0,0.365,11.5,577195.0,0.77,ST,Other,Female,30.0,700091,0.5691,1
APP-00085,549954.0,688.0,0.221,4.0,300732.0,0.42,ST,Hindu,Male,53.0,700091,0.6913,1
APP-01903,1351842.0,770.0,0.374,2.1,1451307.0,0.646,General,Hindu,Female,36.0,110002,0.7368,1
APP-03335,1028501.0,664.0,0.473,10.4,446811.0,0.581,OBC,Other,Female,39.0,380015,0.703,1
APP-04162,514805.0,782.0,0.549,3.1,988505.0,0.424,SC,Hindu,Male,33.0,380001,0.7489,1
APP-02427,2867505.0,568.0,0.525,11.1,5495840.0,0.622,OBC,Muslim,Male,34.0,400050,0.6006,1
APP-01715,602696.0,673.0,0.382,8.9,483014.0,0.876,OBC,Christian,Male,43.0,110005,0.4496,0
APP-04201,667277.0,585.0,0.532,13.4,385161.0,0.542,OBC,Hindu,Male,29.0,110003,0.2261,0
APP-04845,978627.0,701.0,0.376,10.9,939249.0,0.897,General,Hindu,Male,48.0,380015,0.8169,1
APP-02701,1535115.0,688.0,0.481,4.0,2595674.0,0.664,OBC,Hindu,Female,21.0,700001,0.7911,1
APP-01346,3000000.0,900.0,0.563,12.4,3680282.0,0.538,SC,Hindu,Male,44.0,560001,0.8492,1
APP-03789,2436624.0,672.0,0.563,11.4,2580819.0,0.811,General,Muslim,Male,45.0,560103,0.7838,1
APP-02415,1741915.0,609.0,0.341,3.2,2126690.0,0.587,SC,Hindu,Male,37.0,110002,0.5144,1
APP-00556,857665.0,623.0,0.272,20.1,720365.0,0.72,General,Sikh,Female,35.0,110003,0.5401,1
APP-02548,2746479.0,742.0,0.277,3.7,5031330.0,0.75,OBC,Hindu,Female,21.0,411045,0.9147,1
APP-01627,400000.0,699.0,0.554,6.4,725966.0,0.716,OBC,Hindu,Male,21.0,380015,0.4239,1
APP-04367,1251265.0,652.0,0.433,5.3,1717963.0,0.814,OBC,Muslim,Male,28.0,560103,0.6031,1
APP-03923,576482.0,603.0,0.586,12.2,1011151.0,0.452,SC,Hindu,Male,21.0,110001,0.1995,0
APP-00417,1723934.0,743.0,0.292,2.3,1856617.0,0.537,General,Hindu,Female,22.0,302001,0.9073,1
APP-00813,1134784.0,677.0,0.563,8.5,1668008.0,0.692,General,Hindu,Female,25.0,700091,0.671,1
APP-01259,2386491.0,632.0,0.365,19.1,4288254.0,0.51,OBC,Hindu,Male,56.0,600042,0.9326,1
APP-01745,1398799.0,744.0,0.362,8.3,2273036.0,0.81,OBC,Muslim,Female,25.0,600042,0.794,1
APP-00878,895401.0,708.0,0.253,4.4,1649370.0,0.531,General,Hindu,Male,46.0,500001,0.9075,1
APP-02772,1334230.0,724.0,0.529,2.7,572725.0,0.546,ST,Hindu,Male,33.0,411045,0.7649,0
APP-01236,672830.0,688.0,0.599,3.7,1297783.0,0.602,OBC,Muslim,Female,38.0,700091,0.4653,0
APP-00953,1269680.0,692.0,0.256,5.5,598322.0,0.607,OBC,Hindu,Female,48.0,380015,0.8534,1
APP-02571,3000000.0,731.0,0.406,9.1,2657511.0,0.814,General,Hindu,Male,39.0,500001,0.976,1
APP-03314,1071556.0,723.0,0.552,5.6,591604.0,0.574,ST,Hindu,Male,48.0,110005,0.6016,0
APP-01655,888498.0,716.0,0.279,6.0,586957.0,0.576,OBC,Hindu,Male,30.0,700091,0.9103,1
APP-00502,1564541.0,670.0,0.25,22.8,1740746.0,0.501,SC,Hindu,Female,29.0,110003,0.6234,0
APP-04246,986613.0,652.0,0.519,12.1,1278072.0,0.636,OBC,Hindu,Male,38.0,380015,0.6614,1
APP-04488,591431.0,605.0,0.554,8.9,1090680.0,0.41,General,Hindu,Female,22.0,380015,0.2897,0
APP-01118,834740.0,647.0,0.464,9.6,491454.0,0.705,General,Hindu,Female,39.0,400050,0.5294,1
APP-01836,1044963.0,713.0,0.43,13.7,1221925.0,0.441,OBC,Hindu,Male,33.0,400001,0.9292,1
APP-01535,2730208.0,565.0,0.515,16.4,4758234.0,0.769,OBC,Hindu,Female,40.0,700001,0.589,0
APP-00912,1219592.0,838.0,0.278,4.9,1827882.0,0.859,ST,Hindu,Female,45.0,302001,0.7816,0
APP-03889,877172.0,671.0,0.353,7.5,1432162.0,0.675,General,Hindu,Female,39.0,110005,0.5748,0
APP-04607,589230.0,790.0,0.226,5.4,288609.0,0.845,General,Hindu,Female,33.0,302001,0.8725,1
APP-03264,2238834.0,820.0,0.558,8.7,3502634.0,0.671,SC,Hindu,Female,39.0,500081,0.783,1
APP-02466,679062.0,792.0,0.3,4.5,829245.0,0.635,SC,Hindu,Male,30.0,380001,0.8125,1
APP-04344,784742.0,671.0,0.643,7.6,1051566.0,0.739,OBC,Hindu,Male,45.0,500001,0.4781,1
APP-01392,2093206.0,869.0,0.637,13.6,2272329.0,0.616,OBC,Hindu,Male,46.0,110003,0.8166,1
APP-04309,1183083.0,767.0,0.42,12.7,2230982.0,0.649,OBC,Hindu,Male,28.0,110004,0.7927,1
APP-00970,1017457.0,900.0,0.619,5.2,1163543.0,0.784,General,Hindu,Female,31.0,500001,0.9187,1
APP-02649,1156736.0,696.0,0.618,2.7,2113850.0,0.81,OBC,Hindu,Male,53.0,110003,0.5495,1
APP-01878,2470591.0,834.0,0.271,7.1,1685420.0,0.511,OBC,Hindu,Female,24.0,500081,0.9281,1
APP-03616,1538610.0,697.0,0.633,6.4,2586070.0,0.755,OBC,Hindu,Male,37.0,560001,0.7948,1
APP-00152,595814.0,711.0,0.577,12.0,789868.0,0.501,OBC,Hindu,Female,43.0,700091,0.6886,0
APP-00298,830309.0,675.0,0.403,3.9,562596.0,0.727,SC,Hindu,Male,38.0,380015,0.5702,1
APP-03765,968000.0,651.0,0.538,6.6,1456369.0,0.699,General,Hindu,Male,36.0,380015,0.5569,0
APP-04136,737454.0,645.0,0.288,10.3,445856.0,0.873,OBC,Muslim,Female,40.0,110004,0.4018,1
APP-00394,1258214.0,663.0,0.637,10.6,2041372.0,0.856,OBC,Hindu,Female,38.0,500081,0.5573,0
APP-02396,559943.0,656.0,0.547,1.2,696506.0,0.641,SC,Muslim,Male,34.0,380001,0.2639,0
APP-02789,749500.0,728.0,0.537,7.2,892670.0,0.535,SC,Hindu,Male,39.0,560001,0.7047,0
APP-00578,1866332.0,747.0,0.336,3.0,2370557.0,0.552,SC,Hindu,Male,51.0,400001,0.8303,1
APP-04605,943804.0,753.0,0.57,3.1,1863059.0,0.874,OBC,Hindu,Female,29.0,110001,0.6238,0
APP-04472,687214.0,688.0,0.417,8.9,1356487.0,0.686,SC,Hindu,Female,59.0,411001,0.5613,1
APP-00351,1202230.0,739.0,0.309,10.6,761380.0,0.591,General,Hindu,Male,21.0,560103,0.9628,1
APP-04702,782762.0,703.0,0.594,4.9,1158950.0,0.601,General,Hindu,Male,31.0,302001,0.6883,1
APP-02198,1007061.0,702.0,0.433,6.7,756691.0,0.742,OBC,Hindu,Female,46.0,400001,0.7583,0
APP-02654,661395.0,674.0,0.559,10.7,238750.0,0.619,General,Hindu,Male,34.0,560103,0.5792,0
APP-00469,1738455.0,807.0,0.647,24.1,2156362.0,0.446,ST,Hindu,Male,58.0,110004,0.6912,1
APP-03214,598943.0,668.0,0.473,2.1,804033.0,0.747,SC,Hindu,Male,36.0,110003,0.3072,0
APP-03015,1638242.0,666.0,0.441,25.0,785944.0,0.607,OBC,Other,Male,32.0,500081,0.9245,1
APP-01175,958462.0,842.0,0.484,5.3,345818.0,0.858,OBC,Muslim,Female,34.0,380015,0.8136,0
APP-00080,856695.0,713.0,0.359,3.9,468967.0,0.63,General,Hindu,Male,42.0,400050,0.8546,1
APP-00587,555266.0,811.0,0.409,1.6,362168.0,0.809,ST,Hindu,Female,53.0,500001,0.7212,1
APP-00231,481080.0,738.0,0.477,18.1,200000.0,0.544,ST,Hindu,Female,34.0,380015,0.6693,1
APP-03130,1203042.0,648.0,0.643,12.7,1481673.0,0.643,General,Hindu,Male,32.0,380015,0.6244,1
APP-04952,660400.0,758.0,0.248,5.3,580664.0,0.666,SC,Hindu,Female,45.0,380015,0.7334,1
APP-00539,400000.0,771.0,0.519,16.0,392636.0,0.567,General,Hindu,Female,33.0,380015,0.7955,1
APP-00169,924669.0,710.0,0.287,5.1,292026.0,0.656,OBC,Hindu,Female,32.0,700001,0.8251,1
APP-00590,2237945.0,725.0,0.312,0.7,4124917.0,0.435,OBC,Hindu,Male,49.0,400050,0.9782,1
APP-04622,979259.0,759.0,0.403,13.9,1148917.0,0.541,SC,Hindu,Male,47.0,380001,0.8178,1
APP-01362,1581155.0,647.0,0.394,4.8,691899.0,0.741,General,Hindu,Male,58.0,110001,0.6308,1
APP-00600,411691.0,787.0,0.636,9.8,200000.0,0.43,SC,Hindu,Female,27.0,560103,0.6723,1
APP-03277,1616958.0,753.0,0.493,18.9,1934215.0,0.614,OBC,Hindu,Female,38.0,500081,0.9066,0
APP-04886,839972.0,719.0,0.241,8.9,322878.0,0.634,General,Hindu,Male,46.0,700001,0.9185,1
APP-04900,800243.0,823.0,0.558,3.3,584507.0,0.544,ST,Hindu,Female,38.0,380001,0.7589,1
APP-00009,991635.0,673.0,0.39,18.6,1658978.0,0.863,OBC,Hindu,Male,35.0,600042,0.7902,1
APP-02883,1456727.0,633.0,0.421,13.3,1646291.0,0.825,SC,Hindu,Female,33.0,700091,0.5664,0
APP-00415,867238.0,732.0,0.627,7.6,1168909.0,0.75,General,Hindu,Female,25.0,600042,0.7167,1
APP-02828,2617574.0,739.0,0.399,7.2,2864538.0,0.48,OBC,Hindu,Female,28.0,700091,0.9162,1
APP-00145,665997.0,672.0,0.34,8.6,498640.0,0.727,General,Hindu,Male,43.0,110002,0.5508,1
APP-00625,1265628.0,703.0,0.319,8.3,390836.0,0.847,SC,Hindu,Female,53.0,411045,0.7032,1
APP-00554,2766372.0,722.0,0.576,6.8,4961271.0,0.615,ST,Hindu,Male,27.0,560001,0.8148,1
APP-00534,1253785.0,664.0,0.475,4.5,650616.0,0.606,SC,Muslim,Male,36.0,110005,0.4753,0
APP-01116,1040285.0,786.0,0.302,3.9,1013933.0,0.565,ST,Hindu,Male,21.0,110003,0.6802,0
APP-03413,1066844.0,693.0,0.205,3.1,646390.0,0.543,General,Hindu,Male,53.0,380015,0.913,1
APP-03872,598578.0,745.0,0.469,1.8,1082304.0,0.559,OBC,Hindu,Male,39.0,400050,0.8193,1
APP-03787,848152.0,743.0,0.47,10.6,1143976.0,0.898,OBC,Hindu,Female,28.0,110005,0.6484,1
APP-00777,578836.0,646.0,0.448,19.3,871728.0,0.599,OBC,Hindu,Female,31.0,560001,0.5436,0
APP-00843,2403307.0,721.0,0.433,18.1,2674004.0,0.622,ST,Hindu,Female,39.0,700091,0.7734,1
APP-04557,1197045.0,701.0,0.286,5.8,2200675.0,0.551,General,Hindu,Female,53.0,411045,0.8597,1
APP-03012,838097.0,662.0,0.389,6.4,1358058.0,0.863,OBC,Hindu,Male,27.0,500001,0.5957,0
APP-02686,1073135.0,791.0,0.341,5.0,1333366.0,0.684,ST,Hindu,Female,36.0,110001,0.63,0
APP-03378,869697.0,845.0,0.228,12.4,660752.0,0.776,SC,Muslim,Female,37.0,110002,0.5782,0
APP-00374,1523347.0,648.0,0.574,9.1,2529258.0,0.649,SC,Hindu,Male,39.0,380001,0.6092,0
APP-01045,683067.0,610.0,0.533,7.7,1145101.0,0.779,General,Muslim,Female,37.0,110004,0.1676,0
APP-04988,732127.0,648.0,0.315,10.2,861244.0,0.482,SC,Hindu,Female,38.0,411001,0.5783,1
APP-01019,845002.0,725.0,0.341,17.9,929652.0,0.726,OBC,Hindu,Female,32.0,560001,0.8537,1
APP-01841,745530.0,700.0,0.343,8.4,917421.0,0.734,SC,Sikh,Male,21.0,700091,0.6775,0
APP-04241,1015689.0,679.0,0.22,7.0,903249.0,0.548,OBC,Hindu,Female,25.0,700091,0.8303,1
APP-03593,2460822.0,562.0,0.452,2.5,2741708.0,0.651,OBC,Hindu,Male,29.0,560001,0.5483,1
APP-00627,813980.0,694.0,0.631,6.1,349942.0,0.755,ST,Hindu,Female,47.0,500001,0.4615,0
APP-00101,827719.0,636.0,0.228,10.4,1050444.0,0.791,OBC,Hindu,Male,42.0,110004,0.5474,1
APP-02793,675098.0,692.0,0.61,16.0,1121630.0,0.816,OBC,Sikh,Male,34.0,411001,0.5926,1
APP-02808,400000.0,755.0,0.517,7.1,404506.0,0.433,OBC,Hindu,Male,24.0,600042,0.7983,0
APP-03955,1013066.0,831.0,0.492,4.9,1411169.0,0.768,SC,Hindu,Female,29.0,400050,0.7685,0
APP-01294,400000.0,900.0,0.592,3.9,290948.0,0.565,ST,Hindu,Female,22.0,400050,0.7657,1
APP-04671,400000.0,831.0,0.268,14.7,222817.0,0.865,OBC,Hindu,Male,35.0,380001,0.9566,1
APP-04916,1052486.0,857.0,0.582,1.1,1486276.0,0.598,SC,Hindu,Female,33.0,700091,0.7756,1
APP-03533,1922257.0,686.0,0.407,3.8,757155.0,0.48,OBC,Hindu,Female,21.0,380015,0.8657,0
APP-01816,793689.0,854.0,0.406,14.1,1219061.0,0.461,SC,Hindu,Female,47.0,110002,0.6429,1
APP-00806,1733235.0,843.0,0.609,5.0,853472.0,0.86,SC,Muslim,Female,54.0,110001,0.5733,1
APP-03634,938355.0,682.0,0.496,8.2,927179.0,0.618,OBC,Hindu,Male,29.0,600001,0.7492,1
APP-04242,654252.0,707.0,0.548,1.0,481467.0,0.404,OBC,Hindu,Male,45.0,560001,0.7196,1
APP-04756,737547.0,598.0,0.393,15.1,1156070.0,0.7,SC,Hindu,Male,38.0,380015,0.3516,1
APP-04204,2886488.0,828.0,0.26,6.6,2267016.0,0.858,General,Hindu,Male,21.0,411045,0.99,1
APP-00834,827039.0,776.0,0.572,7.8,281873.0,0.729,OBC,Hindu,Female,40.0,110004,0.6844,1
APP-02245,1279089.0,651.0,0.445,1.6,1411256.0,0.61,General,Hindu,Female,22.0,110002,0.5428,0
APP-02493,1466645.0,663.0,0.535,7.3,1557005.0,0.752,SC,Hindu,Female,42.0,110002,0.4756,1
APP-03905,445253.0,747.0,0.616,6.8,590149.0,0.464,ST,Muslim,Female,34.0,380001,0.5208,0
APP-04675,1147673.0,879.0,0.444,3.6,629191.0,0.436,OBC,Hindu,Female,44.0,700001,0.9255,1
APP-04546,1010656.0,781.0,0.554,6.1,666446.0,0.576,SC,Hindu,Male,60.0,500001,0.7062,1
APP-03283,756854.0,707.0,0.404,9.9,1322415.0,0.817,OBC,Hindu,Female,54.0,700091,0.7204,0
APP-01887,587558.0,666.0,0.606,3.2,416036.0,0.496,General,Hindu,Female,32.0,380001,0.4109,1
APP-02334,983339.0,723.0,0.205,4.0,1731067.0,0.772,OBC,Hindu,Female,36.0,110001,0.6993,1
APP-00228,2555946.0,635.0,0.285,1.7,901160.0,0.71,ST,Hindu,Female,34.0,600001,0.695,0
APP-02087,953474.0,780.0,0.218,17.3,762298.0,0.8,OBC,Hindu,Male,32.0,110002,0.8028,1
APP-03136,569803.0,675.0,0.429,2.2,893679.0,0.532,OBC,Hindu,Female,55.0,110003,0.4468,0
APP-03721,1023371.0,606.0,0.65,14.9,1831043.0,0.421,SC,Hindu,Female,47.0,110001,0.3178,0
APP-02112,1281680.0,584.0,0.369,2.6,762425.0,0.523,OBC,Hindu,Male,42.0,400001,0.5297,1
APP-03689,3000000.0,679.0,0.415,10.6,4409629.0,0.599,SC,Hindu,Female,50.0,380001,0.7587,1
APP-04816,400000.0,695.0,0.399,2.2,490765.0,0.556,OBC,Hindu,Female,43.0,380015,0.5195,1
APP-03269,855113.0,808.0,0.454,20.4,917468.0,0.616,General,Muslim,Male,55.0,500081,0.882,1
APP-04450,1003373.0,613.0,0.525,5.3,844928.0,0.685,SC,Hindu,Female,34.0,110004,0.2602,1
APP-01193,879566.0,686.0,0.263,5.8,1041451.0,0.673,OBC,Hindu,Male,41.0,110003,0.6847,0
APP-00034,665720.0,836.0,0.233,2.0,464880.0,0.565,General,Hindu,Male,30.0,110002,0.8065,1
APP-03658,2605742.0,760.0,0.419,0.3,2571397.0,0.884,General,Christian,Male,40.0,500001,0.9709,1
APP-03695,1899131.0,701.0,0.513,7.7,1128866.0,0.563,OBC,Muslim,Male,43.0,411045,0.8333,1
APP-00466,795060.0,657.0,0.415,4.8,819294.0,0.535,OBC,Hindu,Male,56.0,700091,0.6593,0
APP-00506,762046.0,770.0,0.581,7.6,844198.0,0.508,ST,Hindu,Male,27.0,380015,0.7724,1
APP-01439,535980.0,852.0,0.303,2.4,494352.0,0.446,OBC,Hindu,Male,37.0,110001,0.8062,1
APP-03492,620236.0,672.0,0.276,11.7,589963.0,0.582,OBC,Hindu,Male,34.0,110001,0.63,1
APP-03189,836396.0,608.0,0.3,14.4,1291868.0,0.485,OBC,Muslim,Male,38.0,500081,0.5973,1
APP-04830,400000.0,587.0,0.501,9.0,534580.0,0.416,General,Hindu,Female,35.0,600042,0.1633,0
APP-03016,753251.0,672.0,0.607,10.5,942883.0,0.607,OBC,Hindu,Female,31.0,400050,0.5428,1
APP-02697,1280994.0,695.0,0.518,3.7,1193748.0,0.885,SC,Other,Female,51.0,411045,0.5884,0
APP-02875,1060235.0,681.0,0.226,2.3,854565.0,0.438,SC,Hindu,Female,30.0,110004,0.5842,0
APP-02192,627798.0,704.0,0.372,13.9,419803.0,0.733,OBC,Hindu,Male,56.0,110005,0.6461,1
APP-01021,1185231.0,727.0,0.27,1.0,1832245.0,0.762,OBC,Muslim,Male,42.0,302001,0.8282,1
APP-02308,1006710.0,825.0,0.236,21.9,1192163.0,0.718,General,Hindu,Male,29.0,411045,0.99,1
APP-01282,400000.0,746.0,0.211,20.0,687233.0,0.444,ST,Hindu,Male,66.0,110004,0.5742,1
APP-03228,969114.0,716.0,0.556,9.2,601675.0,0.663,OBC,Hindu,Male,34.0,110001,0.6744,1
APP-03590,760711.0,656.0,0.205,5.7,366635.0,0.561,General,Hindu,Male,37.0,110005,0.6355,0
APP-03915,400000.0,754.0,0.373,9.5,372223.0,0.713,General,Hindu,Male,34.0,110001,0.6591,1
APP-02099,404917.0,642.0,0.3,3.4,266049.0,0.527,SC,Hindu,Male,29.0,380015,0.3616,0
APP-03290,597948.0,760.0,0.267,8.5,1065397.0,0.747,OBC,Sikh,Male,47.0,411001,0.9138,1
APP-01729,1037317.0,770.0,0.529,5.0,1614539.0,0.501,SC,Muslim,Male,30.0,380015,0.7226,1
APP-02081,1225847.0,790.0,0.531,13.8,600020.0,0.665,OBC,Hindu,Male,21.0,400050,0.9708,1
APP-02380,957574.0,760.0,0.312,17.9,555967.0,0.616,SC,Hindu,Female,57.0,560001,0.7681,1
APP-00531,834531.0,740.0,0.644,8.1,398616.0,0.607,OBC,Hindu,Male,40.0,500001,0.8211,1
APP-04575,1685810.0,679.0,0.286,9.6,1039932.0,0.623,General,Muslim,Female,45.0,110002,0.6405,1
APP-03551,689810.0,758.0,0.449,8.4,1149987.0,0.592,OBC,Hindu,Female,50.0,110004,0.6886,1
APP-03998,884387.0,726.0,0.556,7.2,1490864.0,0.659,SC,Muslim,Female,37.0,110003,0.4775,0
APP-03502,1936860.0,717.0,0.349,2.3,2785383.0,0.698,General,Hindu,Female,29.0,411045,0.8821,1
APP-04247,1113682.0,619.0,0.296,1.8,1529019.0,0.596,OBC,Hindu,Female,41.0,380015,0.6047,1
APP-04088,423957.0,823.0,0.281,0.9,645320.0,0.533,General,Hindu,Female,31.0,400050,0.8874,1
APP-02611,434301.0,638.0,0.486,18.0,635168.0,0.813,General,Hindu,Female,29.0,110002,0.2373,0
APP-04652,1642053.0,836.0,0.275,16.7,2899523.0,0.448,General,Sikh,Female,44.0,380001,0.9279,1
APP-04966,1064940.0,703.0,0.266,7.2,1555026.0,0.83,OBC,Hindu,Male,49.0,110004,0.7208,1
APP-03795,477796.0,584.0,0.577,6.9,691012.0,0.402,OBC,Hindu,Male,21.0,560103,0.1629,1
APP-01075,633536.0,703.0,0.222,17.0,458522.0,0.703,OBC,Hindu,Male,53.0,110002,0.7193,0
APP-03385,963927.0,728.0,0.586,5.0,1380966.0,0.58,ST,Hindu,Male,30.0,380001,0.7108,1
APP-00472,815838.0,645.0,0.48,2.0,1069473.0,0.726,OBC,Hindu,Female,36.0,110001,0.3461,0
APP-00799,1670158.0,808.0,0.452,6.2,3244947.0,0.689,General,Hindu,Male,30.0,600001,0.9853,1
APP-03200,811286.0,848.0,0.248,19.2,782591.0,0.611,SC,Hindu,Female,21.0,110003,0.6445,1
APP-02568,1245775.0,693.0,0.454,9.6,513471.0,0.466,OBC,Hindu,Female,45.0,411045,0.836,1
APP-04351,905004.0,669.0,0.229,3.2,1730331.0,0.414,OBC,Hindu,Female,47.0,110004,0.6566,1
APP-02999,1506402.0,767.0,0.282,1.8,765814.0,0.647,General,Hindu,Female,33.0,500081,0.9084,1
APP-03025,918324.0,725.0,0.475,16.3,542777.0,0.52,SC,Hindu,Female,37.0,110005,0.5952,1
APP-02195,1090355.0,826.0,0.538,4.6,760382.0,0.839,OBC,Muslim,Male,32.0,110002,0.7113,1
APP-04384,707507.0,660.0,0.234,0.8,639304.0,0.73,General,Hindu,Male,40.0,411001,0.6475,1
APP-01962,725971.0,558.0,0.247,7.3,381643.0,0.408,ST,Hindu,Male,42.0,411045,0.336,1
APP-00545,881008.0,698.0,0.525,10.9,718420.0,0.894,General,Hindu,Female,29.0,560103,0.644,0
APP-01421,897077.0,791.0,0.586,9.1,618814.0,0.753,SC,Hindu,Female,48.0,411045,0.7322,1
APP-02481,2480012.0,736.0,0.339,1.9,2520000.0,0.411,SC,Hindu,Male,34.0,500081,0.837,1
APP-00890,426562.0,861.0,0.519,21.7,345425.0,0.873,General,Muslim,Male,31.0,110001,0.7091,1
APP-00882,1606126.0,800.0,0.342,11.5,778270.0,0.644,OBC,Hindu,Female,58.0,500081,0.9211,1
APP-00280,1140395.0,728.0,0.576,3.6,1653941.0,0.466,OBC,Hindu,Female,39.0,600042,0.8252,1
APP-00158,1634554.0,745.0,0.422,6.7,2051082.0,0.438,OBC,Hindu,Female,37.0,411001,0.9048,1
APP-02355,552892.0,698.0,0.237,6.8,269419.0,0.639,General,Hindu,Male,30.0,600042,0.7907,1
APP-00743,600309.0,711.0,0.553,1.9,371350.0,0.45,OBC,Hindu,Male,40.0,500081,0.6951,0
APP-03624,1692214.0,706.0,0.577,9.8,2904632.0,0.8,General,Muslim,Male,58.0,700001,0.7825,1
APP-01741,823397.0,824.0,0.599,5.8,357720.0,0.814,OBC,Hindu,Male,47.0,411001,0.9384,1
APP-04113,725139.0,791.0,0.32,5.8,425049.0,0.529,OBC,Muslim,Female,26.0,600001,0.8082,1
APP-00150,1081690.0,716.0,0.629,3.8,1741224.0,0.834,OBC,Hindu,Female,39.0,302001,0.6689,1
APP-02504,1274083.0,484.0,0.538,10.1,1361853.0,0.559,SC,Hindu,Male,35.0,110005,0.081,0
APP-04170,1286371.0,729.0,0.457,4.7,2498041.0,0.872,SC,Hindu,Male,46.0,380001,0.7448,0
APP-02758,1180303.0,677.0,0.258,10.3,2074650.0,0.494,General,Hindu,Male,45.0,400050,0.918,1
APP-00013,1033566.0,668.0,0.43,6.7,1076688.0,0.508,General,Hindu,Male,49.0,500001,0.7911,1
APP-04126,956837.0,742.0,0.438,3.7,808067.0,0.542,SC,Hindu,Male,55.0,500001,0.7771,1
APP-03236,1313765.0,741.0,0.636,12.3,1916334.0,0.871,ST,Hindu,Female,43.0,110005,0.5669,1
APP-03600,2009821.0,836.0,0.487,7.6,3539834.0,0.717,SC,Hindu,Male,25.0,500081,0.8436,1
APP-04274,2514460.0,760.0,0.29,10.8,3549409.0,0.56,OBC,Christian,Male,65.0,400001,0.8733,0
APP-03674,400000.0,617.0,0.572,25.8,676185.0,0.794,General,Hindu,Male,27.0,380015,0.2258,0
APP-01617,3000000.0,692.0,0.634,8.8,4690196.0,0.506,SC,Muslim,Male,41.0,110002,0.5915,1
APP-01552,696163.0,687.0,0.606,17.0,771920.0,0.894,General,Hindu,Female,25.0,110001,0.4271,1
APP-00830,400000.0,634.0,0.545,21.7,252284.0,0.472,OBC,Hindu,Female,40.0,380015,0.3691,0
APP-03880,1159735.0,621.0,0.455,13.6,806175.0,0.434,OBC,Muslim,Female,33.0,110005,0.498,0
APP-04710,1317669.0,799.0,0.368,6.3,2470645.0,0.813,General,Hindu,Female,45.0,411045,0.9082,1
APP-03537,1598014.0,561.0,0.477,1.8,2960228.0,0.609,OBC,Hindu,Female,32.0,560001,0.3501,1
APP-03132,715452.0,765.0,0.466,6.2,466079.0,0.745,OBC,Hindu,Male,28.0,400050,0.8804,1
APP-02938,2035647.0,719.0,0.56,4.8,2377381.0,0.481,ST,Hindu,Male,30.0,110004,0.6585,1
APP-01097,2202499.0,864.0,0.576,12.5,4217912.0,0.415,OBC,Muslim,Female,23.0,110005,0.6846,0
APP-03077,995543.0,663.0,0.335,7.8,846080.0,0.488,SC,Hindu,Male,21.0,110003,0.5768,1
APP-04314,1130855.0,587.0,0.23,10.6,2196859.0,0.837,SC,Muslim,Female,28.0,500081,0.3886,0
APP-00473,867463.0,842.0,0.333,2.5,1667989.0,0.764,ST,Hindu,Male,60.0,110004,0.6017,0
APP-04892,480167.0,727.0,0.573,22.6,200000.0,0.499,General,Hindu,Female,41.0,302001,0.7545,1
APP-00678,1233794.0,685.0,0.266,6.8,1137351.0,0.647,OBC,Hindu,Male,56.0,110004,0.7373,0
APP-03358,769351.0,703.0,0.554,4.2,1082371.0,0.708,OBC,Hindu,Female,45.0,110003,0.5051,0
APP-02590,1366281.0,752.0,0.427,12.4,2033929.0,0.716,OBC,Hindu,Female,33.0,560001,0.8919,1
APP-00950,400000.0,723.0,0.212,11.8,249309.0,0.864,ST,Hindu,Male,38.0,411045,0.6497,0
APP-01435,1125778.0,590.0,0.344,13.8,397417.0,0.785,SC,Hindu,Male,38.0,500081,0.4442,0
APP-04110,1015029.0,592.0,0.325,18.0,831597.0,0.659,General,Hindu,Female,36.0,380001,0.5629,1
APP-00411,476593.0,830.0,0.394,13.3,600220.0,0.852,General,Hindu,Male,45.0,110004,0.7773,1
APP-02281,1854516.0,715.0,0.469,5.1,1578770.0,0.743,SC,Hindu,Female,73.0,110005,0.5255,1
APP-00133,1373793.0,711.0,0.306,2.2,974755.0,0.669,OBC,Hindu,Male,22.0,411045,0.9223,1
APP-03134,732127.0,648.0,0.315,10.2,861244.0,0.482,SC,Hindu,Female,38.0,411001,0.5783,0
APP-03011,3000000.0,720.0,0.386,3.8,5902186.0,0.718,General,Hindu,Male,43.0,110003,0.7967,1
APP-00928,1229855.0,645.0,0.448,5.7,1306639.0,0.722,OBC,Hindu,Female,23.0,560103,0.619,0
APP-02442,1330543.0,699.0,0.5,1.0,690047.0,0.523,SC,Hindu,Female,38.0,110003,0.5563,1
APP-04252,805161.0,719.0,0.352,27.3,1282430.0,0.52,General,Hindu,Female,42.0,110005,0.7245,0
APP-04762,3000000.0,794.0,0.366,1.1,5352789.0,0.772,OBC,Hindu,Male,30.0,600001,0.99,1
APP-04446,583408.0,861.0,0.596,9.5,1090549.0,0.704,General,Hindu,Male,21.0,302001,0.9623,1
APP-00288,1026581.0,560.0,0.223,16.7,978500.0,0.766,OBC,Hindu,Male,21.0,400001,0.4849,1
APP-00735,1149207.0,597.0,0.603,13.2,1924463.0,0.862,OBC,Hindu,Female,40.0,380001,0.3001,0
APP-03103,1477853.0,802.0,0.396,21.3,787897.0,0.598,OBC,Hindu,Male,36.0,400001,0.99,1
APP-04684,732936.0,671.0,0.42,9.8,461832.0,0.559,OBC,Christian,Male,34.0,411045,0.7182,1
APP-01198,629225.0,713.0,0.404,9.3,686240.0,0.832,General,Hindu,Male,42.0,500001,0.7343,0
APP-02408,837534.0,725.0,0.61,15.0,1063026.0,0.75,SC,Hindu,Female,36.0,700001,0.6318,1
APP-02750,1454821.0,629.0,0.573,9.4,1815506.0,0.568,OBC,Hindu,Female,43.0,500081,0.6156,1
APP-01565,624933.0,677.0,0.335,20.7,573881.0,0.438,OBC,Sikh,Female,38.0,110005,0.648,0
APP-01787,1741218.0,850.0,0.433,11.7,980000.0,0.713,OBC,Hindu,Female,31.0,400001,0.9253,1
APP-02844,1441821.0,829.0,0.48,8.9,725065.0,0.87,SC,Hindu,Male,37.0,110003,0.6852,1
APP-02900,1498214.0,767.0,0.542,8.4,1910452.0,0.853,OBC,Christian,Male,21.0,560001,0.9423,1
APP-04932,634032.0,658.0,0.455,7.1,1033726.0,0.794,OBC,Hindu,Male,38.0,110001,0.3766,0
APP-01868,1403911.0,510.0,0.532,10.7,1382007.0,0.878,General,Hindu,Female,36.0,400001,0.1171,0
APP-04213,1319085.0,612.0,0.341,23.9,961950.0,0.655,OBC,Hindu,Female,40.0,500081,0.743,1
APP-03574,964441.0,781.0,0.37,23.5,1830863.0,0.655,General,Hindu,Male,29.0,560103,0.9801,1
APP-03483,1628038.0,609.0,0.421,9.5,1497888.0,0.455,General,Hindu,Female,27.0,560103,0.7094,0
APP-04715,746947.0,666.0,0.389,0.3,379913.0,0.584,ST,Hindu,Male,48.0,380001,0.5383,0
APP-00722,1757706.0,796.0,0.634,3.9,1937075.0,0.733,OBC,Hindu,Female,27.0,110005,0.7356,1
APP-00486,918325.0,746.0,0.393,18.0,1588469.0,0.773,General,Hindu,Female,33.0,110004,0.7136,1
APP-02790,798722.0,706.0,0.474,7.7,518721.0,0.671,SC,Hindu,Non-binary,37.0,411001,0.6604,0
APP-03482,1559980.0,721.0,0.648,1.8,2175882.0,0.638,SC,Hindu,Female,37.0,400001,0.6777,1
APP-03653,1532065.0,654.0,0.543,8.9,1065444.0,0.564,OBC,Hindu,Male,43.0,600042,0.7843,1
APP-01091,742268.0,629.0,0.588,8.1,571862.0,0.783,OBC,Muslim,Female,34.0,380001,0.2552,1
APP-00829,1835093.0,668.0,0.634,10.3,3600231.0,0.453,ST,Hindu,Female,40.0,411045,0.6767,0
APP-04372,744576.0,741.0,0.437,3.7,604671.0,0.565,SC,Hindu,Female,21.0,411001,0.6906,1
APP-02303,400000.0,804.0,0.405,2.7,712859.0,0.696,General,Muslim,Female,46.0,500081,0.7357,1
APP-00492,1201134.0,674.0,0.439,4.4,2035873.0,0.742,ST,Hindu,Female,56.0,700091,0.5968,1
APP-04815,1091344.0,704.0,0.394,7.9,1475378.0,0.539,OBC,Hindu,Male,42.0,110005,0.7368,1
APP-00643,2790840.0,760.0,0.355,3.4,1617993.0,0.687,SC,Hindu,Male,47.0,700001,0.8386,1
APP-00430,1217030.0,748.0,0.46,9.7,1867609.0,0.81,ST,Hindu,Female,42.0,700001,0.7319,1
APP-01596,1253913.0,704.0,0.285,8.0,2148113.0,0.499,OBC,Hindu,Male,35.0,600001,0.9434,1
APP-04353,1045471.0,722.0,0.426,18.5,2008254.0,0.492,OBC,Hindu,Female,27.0,560001,0.8793,1
APP-01895,875284.0,619.0,0.233,12.2,635946.0,0.818,General,Hindu,Male,35.0,600042,0.6169,1
APP-01026,833419.0,751.0,0.546,1.0,627431.0,0.484,OBC,Hindu,Male,30.0,110004,0.7201,1
APP-00498,845520.0,758.0,0.43,3.1,1646702.0,0.728,General,Hindu,Male,33.0,110001,0.7337,0
APP-02298,687289.0,691.0,0.316,10.4,1275670.0,0.553,OBC,Hindu,Female,55.0,600042,0.7703,1
APP-04476,1292137.0,760.0,0.298,5.8,907459.0,0.526,OBC,Hindu,Female,49.0,110001,0.7443,1
APP-01615,712457.0,664.0,0.289,11.9,736419.0,0.742,OBC,Hindu,Male,47.0,400001,0.7188,0
APP-01130,400000.0,656.0,0.587,8.2,595043.0,0.69,OBC,Hindu,Female,29.0,411001,0.2354,0
APP-01648,1794577.0,691.0,0.586,8.2,1746326.0,0.43,General,Hindu,Female,26.0,110001,0.692,1
APP-01256,730342.0,692.0,0.444,4.6,447208.0,0.638,OBC,Hindu,Female,39.0,110003,0.5403,1
APP-04182,1040402.0,793.0,0.395,3.3,1224359.0,0.898,SC,Hindu,Female,47.0,380015,0.7496,0
APP-01838,878664.0,706.0,0.481,6.7,1339811.0,0.626,SC,Hindu,Male,39.0,600001,0.6831,1
APP-01618,411275.0,699.0,0.41,10.6,350267.0,0.678,OBC,Sikh,Female,38.0,700001,0.5639,1
APP-00291,881625.0,775.0,0.318,14.5,909566.0,0.444,ST,Hindu,Female,27.0,560103,0.7739,1
APP-01188,1200432.0,510.0,0.287,9.2,2052331.0,0.888,OBC,Hindu,Male,39.0,110002,0.1537,0
APP-00253,2373460.0,669.0,0.582,8.2,3800700.0,0.793,General,Muslim,Male,24.0,400001,0.7559,0
APP-03657,890097.0,726.0,0.421,4.3,1529996.0,0.583,General,Hindu,Female,38.0,400050,0.8161,1
APP-03686,1143264.0,515.0,0.346,4.6,2072105.0,0.446,General,Hindu,Female,37.0,110003,0.2013,0
APP-00927,918641.0,714.0,0.605,9.8,1508281.0,0.869,OBC,Christian,Female,24.0,380015,0.6636,1
APP-01965,692675.0,720.0,0.254,24.4,1304567.0,0.511,OBC,Muslim,Female,24.0,560103,0.7954,1
APP-00091,1394718.0,674.0,0.29,6.9,1140338.0,0.537,OBC,Hindu,Female,21.0,302001,0.8449,1
APP-01546,888403.0,792.0,0.521,1.4,895585.0,0.562,General,Hindu,Female,28.0,302001,0.8756,1
APP-01508,978664.0,708.0,0.552,3.9,1510398.0,0.778,OBC,Christian,Female,37.0,500001,0.679,0
APP-00654,575872.0,780.0,0.225,13.4,607205.0,0.811,OBC,Hindu,Female,39.0,560103,0.8809,1
APP-03706,890419.0,727.0,0.452,13.8,1146844.0,0.487,General,Hindu,Female,33.0,500001,0.8555,1
APP-00027,1304937.0,586.0,0.561,7.8,718090.0,0.754,ST,Hindu,Female,40.0,560001,0.273,1
APP-04197,1152166.0,705.0,0.506,2.7,932763.0,0.677,OBC,Hindu,Female,30.0,700091,0.7555,0
APP-01150,1673802.0,694.0,0.288,3.8,2528647.0,0.769,OBC,Hindu,Female,43.0,411001,0.8527,1
APP-03903,467126.0,634.0,0.557,11.3,200000.0,0.855,OBC,Hindu,Female,43.0,302001,0.1946,0
APP-03932,1458817.0,594.0,0.623,9.7,881030.0,0.483,SC,Hindu,Female,33.0,380001,0.4031,0
APP-02096,1480447.0,539.0,0.353,35.0,1522274.0,0.78,OBC,Hindu,Female,52.0,110004,0.4556,1
APP-03107,1461081.0,788.0,0.495,2.8,596688.0,0.497,OBC,Hindu,Male,42.0,560103,0.976,1
APP-03853,508188.0,623.0,0.647,8.1,447279.0,0.635,OBC,Other,Female,37.0,560001,0.1803,0
APP-03186,504609.0,791.0,0.589,6.1,511443.0,0.654,SC,Christian,Male,26.0,380001,0.7204,0
APP-01670,705153.0,585.0,0.562,12.4,1194120.0,0.437,SC,Muslim,Female,21.0,380001,0.216,1
APP-02143,3000000.0,587.0,0.242,4.5,5093949.0,0.821,OBC,Hindu,Female,49.0,110001,0.6112,0
APP-00255,884583.0,663.0,0.221,2.2,705898.0,0.688,OBC,Hindu,Female,45.0,560103,0.71,0
APP-01544,948874.0,756.0,0.564,3.8,632473.0,0.49,General,Hindu,Female,29.0,302001,0.8456,0
APP-04526,552301.0,780.0,0.35,3.9,1036381.0,0.59,OBC,Hindu,Female,43.0,110001,0.7015,0
APP-03649,1981196.0,696.0,0.524,15.0,2032238.0,0.538,SC,Muslim,Male,38.0,400001,0.7211,1
APP-04302,1729913.0,609.0,0.489,1.5,1240521.0,0.702,General,Hindu,Male,35.0,411045,0.5688,1
APP-02500,1851392.0,667.0,0.331,6.3,1187812.0,0.781,General,Hindu,Male,34.0,700091,0.8805,1
APP-02187,940915.0,760.0,0.552,2.7,1860912.0,0.868,OBC,Hindu,Male,22.0,400001,0.8428,1
APP-04049,915297.0,740.0,0.569,2.9,1116287.0,0.535,OBC,Hindu,Female,37.0,600042,0.8008,1
APP-04457,732774.0,643.0,0.469,17.4,473181.0,0.84,OBC,Hindu,Female,37.0,302001,0.4797,1
APP-04638,593359.0,727.0,0.454,6.3,1185738.0,0.72,SC,Hindu,Male,35.0,110004,0.5238,1
APP-00316,862185.0,820.0,0.552,3.2,1334932.0,0.475,General,Hindu,Male,31.0,411001,0.9669,1
APP-04355,598329.0,775.0,0.239,5.1,766975.0,0.618,OBC,Hindu,Male,35.0,110004,0.774,1
APP-04407,765959.0,730.0,0.525,21.1,696530.0,0.601,General,Hindu,Non-binary,34.0,400001,0.8932,1
APP-03351,1033004.0,621.0,0.243,8.4,1782664.0,0.832,OBC,Hindu,Female,40.0,400050,0.5903,1
APP-02233,525474.0,723.0,0.493,9.2,438372.0,0.702,OBC,Hindu,Male,21.0,110003,0.5787,1
APP-00070,908780.0,786.0,0.31,2.9,1308801.0,0.86,OBC,Muslim,Male,35.0,600042,0.8531,1
APP-03098,720188.0,816.0,0.436,4.8,585145.0,0.55,General,Hindu,Female,47.0,400050,0.8979,0
APP-00684,770542.0,731.0,0.423,6.1,1078596.0,0.51,OBC,Hindu,Female,26.0,380015,0.8231,1
APP-01616,1304819.0,671.0,0.579,1.1,1871880.0,0.664,SC,Hindu,Female,38.0,500081,0.5377,0
APP-02510,857646.0,698.0,0.502,1.5,789440.0,0.636,SC,Hindu,Female,37.0,400050,0.5674,1
APP-03095,2492048.0,870.0,0.456,4.1,1034641.0,0.621,General,Hindu,Female,40.0,500081,0.9276,1
APP-00732,1029566.0,475.0,0.282,5.7,1074213.0,0.432,OBC,Hindu,Male,54.0,700091,0.1622,0
APP-01481,1252309.0,807.0,0.202,0.8,1122419.0,0.74,SC,Hindu,Female,29.0,700091,0.7793,1
APP-01245,1686131.0,712.0,0.54,6.9,828759.0,0.542,OBC,Hindu,Male,46.0,411045,0.9218,1
APP-01651,776234.0,735.0,0.404,13.2,1532852.0,0.533,SC,Hindu,Female,21.0,700001,0.7265,0
APP-02299,775924.0,654.0,0.419,24.5,468674.0,0.651,OBC,Hindu,Male,22.0,110002,0.6205,1
APP-00811,903895.0,794.0,0.534,5.5,1006004.0,0.699,General,Hindu,Male,21.0,400001,0.938,0
APP-04777,653762.0,650.0,0.534,3.9,649192.0,0.557,OBC,Hindu,Female,42.0,560103,0.4145,0
APP-04483,1240516.0,720.0,0.46,8.3,1764944.0,0.446,OBC,Hindu,Female,40.0,400001,0.868,1
APP-00388,1299649.0,846.0,0.387,4.8,1774730.0,0.507,OBC,Hindu,Female,45.0,500001,0.9238,1
APP-00427,1494501.0,591.0,0.419,11.4,989035.0,0.643,ST,Hindu,Female,55.0,400001,0.4834,0
APP-03002,1410362.0,726.0,0.425,5.8,1554956.0,0.588,General,Hindu,Male,30.0,700001,0.9369,1
APP-01254,1162980.0,846.0,0.315,10.4,970496.0,0.434,OBC,Hindu,Male,32.0,110004,0.8164,0
APP-03908,592195.0,669.0,0.309,10.6,1151934.0,0.853,SC,Hindu,Female,21.0,411001,0.4803,0
APP-02115,1277228.0,735.0,0.495,8.2,2357899.0,0.793,SC,Hindu,Male,36.0,302001,0.7665,0
APP-01910,1243250.0,785.0,0.47,3.9,384990.0,0.765,OBC,Hindu,Male,36.0,560001,0.9548,1
APP-00110,421616.0,862.0,0.447,7.1,782844.0,0.89,OBC,Hindu,Male,40.0,600001,0.9436,1
APP-01371,468895.0,739.0,0.269,22.8,352497.0,0.713,General,Hindu,Female,45.0,411045,0.8404,1
APP-02104,1470992.0,776.0,0.218,3.7,568008.0,0.776,OBC,Hindu,Male,39.0,380001,0.9805,1
APP-02584,1185191.0,683.0,0.207,10.8,1309681.0,0.452,OBC,Hindu,Female,42.0,600042,0.8762,1
APP-00656,1173159.0,534.0,0.428,2.2,513041.0,0.885,OBC,Hindu,Female,29.0,380001,0.1334,0
APP-02228,1335948.0,767.0,0.334,10.5,2267903.0,0.437,SC,Hindu,Female,32.0,110004,0.6378,1
APP-02589,1167315.0,805.0,0.463,2.8,1652943.0,0.609,General,Other,Male,33.0,110005,0.7978,1
APP-03931,589705.0,769.0,0.488,23.1,488541.0,0.844,ST,Hindu,Female,48.0,560001,0.7122,1
APP-02882,1563457.0,632.0,0.59,3.5,3117861.0,0.646,OBC,Muslim,Male,50.0,110003,0.4426,1
APP-02553,805080.0,598.0,0.583,17.5,794026.0,0.75,ST,Hindu,Male,38.0,700091,0.26,0
APP-01420,1014110.0,764.0,0.55,7.8,482713.0,0.484,ST,Hindu,Female,38.0,500001,0.7437,0
APP-01722,497160.0,840.0,0.567,8.7,774215.0,0.735,General,Hindu,Male,44.0,400001,0.9322,1
APP-02389,1753383.0,811.0,0.472,5.6,2074138.0,0.527,ST,Other,Female,50.0,560001,0.7821,1
APP-02743,659838.0,751.0,0.346,15.4,344509.0,0.561,OBC,Hindu,Female,38.0,110004,0.7147,0
APP-04402,792317.0,750.0,0.495,9.5,1023778.0,0.404,General,Hindu,Female,31.0,110005,0.7062,1
APP-01599,2200939.0,590.0,0.494,21.2,3119970.0,0.724,General,Hindu,Male,45.0,560103,0.7354,1
APP-02834,607839.0,764.0,0.413,4.3,1189962.0,0.704,General,Hindu,Male,38.0,500081,0.87,1
APP-02816,765193.0,620.0,0.38,11.3,616419.0,0.436,SC,Hindu,Male,29.0,600042,0.524,0
APP-04930,1696055.0,692.0,0.56,11.8,2043933.0,0.529,OBC,Hindu,Female,34.0,110005,0.6909,1
APP-02246,733257.0,719.0,0.386,9.3,1279535.0,0.49,General,Hindu,Female,34.0,110002,0.674,1
APP-03899,727422.0,675.0,0.62,6.0,1120561.0,0.724,SC,Hindu,Female,33.0,380015,0.3772,1
APP-00178,1083283.0,747.0,0.209,17.3,663898.0,0.709,General,Hindu,Male,22.0,411045,0.9739,1
APP-04310,400000.0,710.0,0.602,11.4,360702.0,0.527,General,Hindu,Female,21.0,600001,0.53,1
APP-01033,778660.0,767.0,0.332,15.3,1063128.0,0.697,General,Muslim,Male,58.0,700001,0.8589,1
APP-00081,1256572.0,631.0,0.285,5.5,602564.0,0.467,ST,Muslim,Female,21.0,302001,0.5748,0
APP-03525,631140.0,625.0,0.476,6.9,650528.0,0.682,General,Hindu,Female,24.0,110004,0.2618,0
APP-00487,677232.0,771.0,0.424,14.6,1127357.0,0.533,General,Hindu,Female,55.0,500081,0.8804,1
APP-01601,972906.0,564.0,0.501,8.3,435620.0,0.627,General,Other,Female,51.0,600042,0.2423,0
APP-02963,1164414.0,766.0,0.387,14.8,954873.0,0.841,SC,Hindu,Male,29.0,560103,0.8157,1
APP-02319,3000000.0,714.0,0.316,3.4,5685928.0,0.81,OBC,Hindu,Female,49.0,110004,0.7394,1
APP-04592,2166143.0,562.0,0.387,3.5,3480134.0,0.498,OBC,Hindu,Female,44.0,600001,0.5846,0
APP-02030,787382.0,697.0,0.525,7.0,599256.0,0.732,OBC,Hindu,Female,45.0,700001,0.6337,1
APP-00094,960925.0,689.0,0.601,10.0,1395663.0,0.868,SC,Hindu,Male,35.0,110001,0.4411,1
APP-04616,2292055.0,704.0,0.203,13.0,1080456.0,0.56,OBC,Hindu,Male,21.0,411001,0.9832,1
APP-04720,1080470.0,839.0,0.381,7.2,606038.0,0.772,OBC,Hindu,Female,31.0,560103,0.9167,1
APP-04626,1214431.0,765.0,0.36,17.7,2383269.0,0.783,OBC,Christian,Female,34.0,302001,0.9033,1
APP-01048,1311665.0,662.0,0.235,6.5,925846.0,0.488,General,Hindu,Male,28.0,500081,0.903,1
APP-04987,1669257.0,695.0,0.548,3.7,1681753.0,0.44,ST,Other,Female,41.0,380015,0.7095,0
APP-01085,1056750.0,833.0,0.383,4.5,1887282.0,0.682,OBC,Hindu,Female,42.0,411045,0.9154,1
APP-01176,449283.0,867.0,0.566,4.7,368031.0,0.856,General,Hindu,Male,26.0,700001,0.9301,1
APP-03656,1190017.0,727.0,0.31,15.8,2318085.0,0.426,General,Hindu,Male,28.0,560001,0.9713,1
APP-02446,3000000.0,602.0,0.42,6.2,5999781.0,0.635,OBC,Hindu,Female,38.0,400050,0.7608,0
APP-02464,551871.0,626.0,0.529,27.6,385311.0,0.77,OBC,Hindu,Female,39.0,110002,0.3186,0
APP-00562,1181929.0,738.0,0.41,17.1,565498.0,0.46,OBC,Hindu,Male,26.0,560001,0.9672,1
APP-01631,543385.0,523.0,0.513,28.8,660501.0,0.467,SC,Muslim,Male,32.0,700001,0.1286,1
APP-00752,861024.0,712.0,0.632,16.4,1721313.0,0.684,SC,Hindu,Female,34.0,380015,0.6198,0
APP-01819,1273783.0,593.0,0.602,3.7,1916428.0,0.698,General,Hindu,Female,35.0,110002,0.246,0
APP-00712,1420248.0,684.0,0.23,8.7,922150.0,0.593,OBC,Hindu,Female,30.0,700001,0.8697,1
APP-01056,2087584.0,662.0,0.438,9.5,723296.0,0.419,OBC,Other,Male,31.0,380001,0.9257,1
APP-04216,1993548.0,688.0,0.514,4.3,2242904.0,0.751,General,Hindu,Male,49.0,400050,0.8678,1
APP-04320,3000000.0,753.0,0.485,13.5,2976264.0,0.778,ST,Other,Female,26.0,560103,0.7776,0
APP-04123,606535.0,653.0,0.477,19.6,735674.0,0.722,ST,Hindu,Male,30.0,600042,0.4753,1
APP-04128,858855.0,607.0,0.51,23.2,1207164.0,0.653,OBC,Hindu,Male,35.0,600042,0.5197,0
APP-03510,595525.0,574.0,0.435,4.4,901482.0,0.591,General,Hindu,Male,34.0,700001,0.186,0
APP-04011,1198176.0,765.0,0.597,2.6,1280046.0,0.759,OBC,Other,Male,27.0,110004,0.7368,1
APP-03075,1884781.0,686.0,0.392,6.5,3748694.0,0.607,OBC,Hindu,Female,21.0,411045,0.8593,1
APP-02687,415514.0,700.0,0.247,6.0,785423.0,0.818,General,Hindu,Female,44.0,400050,0.59,1
APP-04979,1756604.0,651.0,0.372,3.9,2551534.0,0.473,ST,Muslim,Female,43.0,400001,0.623,0
APP-02094,1505887.0,714.0,0.547,13.0,1064698.0,0.558,SC,Hindu,Female,44.0,411001,0.732,1
APP-00725,630373.0,635.0,0.561,1.5,1190631.0,0.535,OBC,Hindu,Female,29.0,400050,0.3105,0
APP-01486,667148.0,617.0,0.364,6.5,1105072.0,0.599,OBC,Muslim,Female,38.0,411001,0.3726,1
APP-00220,706119.0,694.0,0.433,18.4,1387419.0,0.476,General,Muslim,Male,21.0,560103,0.7671,1
APP-02930,855713.0,520.0,0.619,5.5,1563669.0,0.711,OBC,Hindu,Male,57.0,500001,0.064,0
APP-02043,2607058.0,665.0,0.507,6.9,3385555.0,0.547,General,Hindu,Male,36.0,411045,0.9134,1
APP-02019,1337665.0,716.0,0.504,3.4,1471150.0,0.759,OBC,Hindu,Male,37.0,600042,0.8555,1
APP-03381,1119553.0,648.0,0.443,3.2,349097.0,0.524,General,Hindu,Male,31.0,110003,0.5787,0
APP-00682,1366896.0,728.0,0.453,4.6,573123.0,0.82,OBC,Hindu,Male,51.0,110004,0.7331,0
APP-03610,980733.0,542.0,0.45,4.2,1943579.0,0.516,OBC,Hindu,Male,44.0,380015,0.2253,0
APP-00044,1123086.0,632.0,0.28,5.2,729002.0,0.823,OBC,Hindu,Female,22.0,411045,0.6109,0
APP-01908,1076442.0,633.0,0.391,13.6,1481704.0,0.427,OBC,Muslim,Female,37.0,700001,0.6574,0
APP-00211,1580832.0,718.0,0.294,2.0,3128945.0,0.509,SC,Hindu,Male,47.0,110005,0.6678,1
APP-00355,1706144.0,793.0,0.45,4.5,2295841.0,0.451,OBC,Hindu,Male,28.0,500001,0.987,1
APP-04682,1051745.0,720.0,0.514,11.1,617502.0,0.464,ST,Hindu,Female,48.0,500081,0.7183,0
APP-04820,502052.0,617.0,0.554,8.9,200000.0,0.763,General,Hindu,Male,44.0,400001,0.1894,1
APP-03913,788302.0,617.0,0.546,17.6,1315525.0,0.574,OBC,Hindu,Female,27.0,600001,0.4502,1
APP-04791,421972.0,795.0,0.588,7.3,610859.0,0.401,OBC,Hindu,Female,37.0,380015,0.8218,1
APP-03847,954094.0,725.0,0.448,2.0,1603438.0,0.87,OBC,Hindu,Female,41.0,302001,0.74,0
APP-00368,662904.0,818.0,0.433,3.5,452945.0,0.583,OBC,Muslim,Male,35.0,600042,0.8628,1
APP-03672,1301281.0,820.0,0.256,1.2,1033765.0,0.406,ST,Hindu,Female,43.0,110004,0.6438,1
APP-03259,645144.0,741.0,0.367,11.3,1159135.0,0.4,ST,Muslim,Female,62.0,302001,0.5804,1
APP-03704,676654.0,708.0,0.355,9.0,368596.0,0.817,OBC,Hindu,Female,49.0,110004,0.5868,0
APP-04945,922549.0,775.0,0.54,5.4,861026.0,0.843,SC,Hindu,Male,31.0,411001,0.7586,1
APP-00136,601824.0,754.0,0.6,3.5,917165.0,0.842,ST,Hindu,Male,29.0,110004,0.4845,0
APP-00692,884369.0,739.0,0.303,11.2,1050940.0,0.637,OBC,Hindu,Male,44.0,500001,0.9401,1
APP-01352,1324634.0,722.0,0.513,6.9,701094.0,0.513,ST,Hindu,Female,41.0,411001,0.7264,0
APP-00048,1118287.0,697.0,0.202,13.8,1552633.0,0.513,General,Hindu,Male,30.0,380015,0.952,1
APP-02719,1681497.0,673.0,0.33,14.0,692704.0,0.577,OBC,Hindu,Female,43.0,400001,0.8681,1
APP-02643,615882.0,698.0,0.62,2.0,338766.0,0.676,OBC,Hindu,Male,37.0,411001,0.5017,0
APP-04373,566572.0,681.0,0.5,0.9,947867.0,0.867,SC,Muslim,Female,27.0,400001,0.2798,0
APP-01095,720343.0,716.0,0.395,9.7,453038.0,0.417,OBC,Hindu,Female,40.0,380015,0.8254,1
APP-02173,860857.0,801.0,0.616,8.8,1471641.0,0.665,General,Hindu,Female,40.0,380015,0.8716,1
APP-01993,1122805.0,622.0,0.206,5.5,1851102.0,0.542,OBC,Hindu,Female,44.0,600042,0.7181,1
APP-01261,1648174.0,795.0,0.537,4.3,3187307.0,0.656,SC,Hindu,Female,45.0,560103,0.7706,1
APP-01042,1627340.0,582.0,0.466,1.5,635902.0,0.543,General,Hindu,Female,30.0,500001,0.4766,0
APP-00677,3000000.0,564.0,0.405,5.4,5149059.0,0.727,OBC,Hindu,Female,32.0,302001,0.6126,0
APP-02601,761937.0,791.0,0.287,2.3,557104.0,0.4,OBC,Hindu,Male,31.0,380015,0.9735,0
APP-02599,400000.0,811.0,0.423,3.7,200000.0,0.78,SC,Hindu,Female,46.0,110001,0.5669,1
APP-01804,814790.0,825.0,0.382,26.1,1316559.0,0.594,General,Muslim,Male,34.0,600042,0.8913,1
APP-01567,558927.0,708.0,0.393,1.5,791517.0,0.63,OBC,Hindu,Female,38.0,600001,0.6484,1
APP-01943,541205.0,695.0,0.416,12.0,817982.0,0.516,SC,Hindu,Male,50.0,110003,0.5228,0
